origional tweet,user
"RT @Ma_Amraee: |Edoardo was the successor of the largest Italian capitalist and aware of the Zionist mafia, his support for the Islamic Revâ€¦",Ø¨Ø§Ù‡Ù†Ø±ÛŒğŸ‡®ğŸ‡·
RT @AfandiYara: Stopped at a checkpoint going from one Palestinian city to another Palestinian city. A combination of fear and humiliation.â€¦,FearOne
"Since the killing of innocents should not be normalizedâ›”ï¸, I hope that everyone keeps an eye on Palestine and the daily murdering of women and children. Today a young girl who was supposed to celebrate her birthday tomorrow was brutally assassinated by  Israel soldiers.#Palestine https://t.co/jaIiFuTtAR",Insaf_krğŸ‡µğŸ‡¸ğŸ‡¹ğŸ‡³
"RT @imshin: Another convoy of pilgrims for Umrah in Mecca leaves #Gaza. Umrah is not a compulsory pilgrimage, unlike Hajj. https://t.co/BxBâ€¦",Nas - one of 2m Arab Israelis you never hear about
RT @usownstheplanet: The Embassy is happy to clarify that when a Ukrainian female soldier calls for the death of â€œSmall #Russian Childrenâ€â€¦,BillieN71
RT @AfandiYara: Stopped at a checkpoint going from one Palestinian city to another Palestinian city. A combination of fear and humiliation.â€¦,Stephen Kelly
RT @AfandiYara: Stopped at a checkpoint going from one Palestinian city to another Palestinian city. A combination of fear and humiliation.â€¦,Dr Peter Dilworth â›”ï¸ğŸ’™ #Woke #GTTO ğŸ˜·
RT @AfandiYara: Stopped at a checkpoint going from one Palestinian city to another Palestinian city. A combination of fear and humiliation.â€¦,leilğŸ‡µğŸ‡¸
"RT @ReEm_UmSara: Armed Israeli occupation forces hold #Palestinian man detained while they demolish his house near Hebron, Occupied #Palestâ€¦",Shahbaaz Qureshi
RT @ustazebitIew: #AllahuAkbar #FreePalestine #PrayForPalestin #Palestine #Israel  Whom do you support todayâ“  RetweetğŸ”ƒâ€¦,Ferdaus Mohd
RT @usownstheplanet: The Embassy is happy to clarify that when a Ukrainian female soldier calls for the death of â€œSmall #Russian Childrenâ€â€¦,Curiosity
"RT @LockMona: 27. 10 October 2022 Mahmoud, 12 years old. Succumbed to his wounds sustained by live ammunition fired by Israeli forces on 28â€¦",whenisthisover
"Since the beginning of this year, 201 Palestinians, including 43 minors and 15 women, have been shot and killed by #Israeli soldiers.  #Palestine https://t.co/1sWVTbbWYu",Talal Meshaati Ø·Ù„Ø§Ù„ Ù…Ø´Ø¹Ø·ÙŠ
Detainee Al-Isawi Continues #HungerStrike For 15th Day â€“ â€“ IMEMC News https://t.co/Kg7NkmCd65 #EndIsraeliApartheid #EndIsraeliOccupation #FreeThemAll #PalestinianLivesMatter #FreePalestine ğŸ‡µğŸ‡¸ #Palestine #BoycottIsrael #BDS #Apartheid #Israel #YairLapid #JoeBiden #CNN #FoxNews,Eddie DiFruscia
RT @telesurenglish: #Palestine | A woman was killed and a young man was detained after being injured by Israeli soldiers in the town of Beiâ€¦,Commissions open | probably should have start with
RT @AfandiYara: Stopped at a checkpoint going from one Palestinian city to another Palestinian city. A combination of fear and humiliation.â€¦,Darren 'Fletch' ğŸ’™
RT @usownstheplanet: The Embassy is happy to clarify that when a Ukrainian female soldier calls for the death of â€œSmall #Russian Childrenâ€â€¦,Ukweli wa Mambo ya Dunia
RT @AfandiYara: Stopped at a checkpoint going from one Palestinian city to another Palestinian city. A combination of fear and humiliation.â€¦,BAN STUPIDITY and bring back INTEGRITY
RT @AfandiYara: Stopped at a checkpoint going from one Palestinian city to another Palestinian city. A combination of fear and humiliation.â€¦,AodhÃ¡n Ã“ CoileÃ¡in ğŸ’™ğŸ‡µğŸ‡¸
RT @usownstheplanet: The Embassy is happy to clarify that when a Ukrainian female soldier calls for the death of â€œSmall #Russian Childrenâ€â€¦,Jim Boland
"#Israeli Soldiers Abduct Young Woman, Invade School, In #Hebron â€“ â€“ IMEMC News https://t.co/vBZIUsFGgT #EndIsraeliApartheid #EndIsraeliOccupation #FreeThemAll #FreePalestine ğŸ‡µğŸ‡¸ #Palestine #BoycottIsrael #BDS #Apartheid #Israel #YairLapid #JoeBiden #CNN #BBC #FoxNews #MSNBC",Eddie DiFruscia
RT @soitiz: Palestinian Ministry of Foreign Affairs Calls on International Community to Stop #IsraeliCrimes against Palestinian people - htâ€¦,ğŸ³ï¸â€âš§ï¸#FreePalestineğŸ‡µğŸ‡¸#FreeAssangeNOW
RT @AfandiYara: Stopped at a checkpoint going from one Palestinian city to another Palestinian city. A combination of fear and humiliation.â€¦,jongumzi
"RT @hzomlot: On Palestinian child prisoners: â€œIf the international community cannot even do anything about this issue, what good is it?â€  #â€¦",Fuck Capitalism â“‹ â˜­
RT @AfandiYara: Stopped at a checkpoint going from one Palestinian city to another Palestinian city. A combination of fear and humiliation.â€¦,Giulia Carosi
RT @Sarah_Hassan94: Stand with #Palestine https://t.co/EYijN6IUBq,Tamsin Morna
RT @AfandiYara: Stopped at a checkpoint going from one Palestinian city to another Palestinian city. A combination of fear and humiliation.â€¦,gravy boat drinks
RT @Sarah_Hassan94: Free free #Palestine âœŒï¸ğŸ‡µğŸ‡¸â¤ï¸ğŸ«’ https://t.co/59cdHn6Da8,MOHAMMAD JAUDAT AZIZ
RT @AfandiYara: Stopped at a checkpoint going from one Palestinian city to another Palestinian city. A combination of fear and humiliation.â€¦,Azadeh Shahshahani
"RT @Ma_Amraee: |Edoardo was the successor of the largest Italian capitalist and aware of the Zionist mafia, his support for the Islamic Revâ€¦",zeynab
RT @ironicallyaJew: @Africa4Pal .They have a district in #Palestine called Abeed. It literally translates as SLAVE.  Palestine enslaves.  Uâ€¦,TheeeeSurlyDalekChestnutmareĞĞ½Ğ´Ğ¸
RT @MY_MUSLIM: #JewsInHollywood play a large part in ğŸ“£ spreading #propaganda against #PalestineğŸ‡µğŸ‡¸ while promoting lies about the #SettlerCoâ€¦,SALAR
RT @AfandiYara: Stopped at a checkpoint going from one Palestinian city to another Palestinian city. A combination of fear and humiliation.â€¦,.
RT @AfandiYara: Stopped at a checkpoint going from one Palestinian city to another Palestinian city. A combination of fear and humiliation.â€¦,MARY CARLIN
#Israeli Soldiers Invade #Palestinian Lands In Central #Gaza â€“ â€“ IMEMC News https://t.co/ty4zA5LFnB #GazaUnderAttack #GazaUnderSiege #BreakGazaSiege #EndIsraeliApartheid #FreeThemAll #FreePalestine ğŸ‡µğŸ‡¸ #Palestine #BoycottIsrael #BDS #Apartheid #Israel #YairLapid #JoeBiden #FoxNews,Eddie DiFruscia
RT @Sarah_Hassan94: Free free #Palestine âœŒï¸ğŸ‡µğŸ‡¸â¤ï¸ğŸ«’ https://t.co/59cdHn6Da8,Volunteers Ummat
RT @AfandiYara: Stopped at a checkpoint going from one Palestinian city to another Palestinian city. A combination of fear and humiliation.â€¦,"New President, Same Work"
RT @Anandstweets: Impunity sport washed by chess players #sportswashing @FIDE_chess tournament in #ApartheidIsrael 's war crimes and humanâ€¦,Robert Slagt
RT @Sarah_Hassan94: Free free #Palestine âœŒï¸ğŸ‡µğŸ‡¸â¤ï¸ğŸ«’ https://t.co/59cdHn6Da8,El Gato
RT @PalAbroadE: #photo | Pro-#Palestine activists participated in the 10th Annual #Houston Palestinian Festival https://t.co/9a9Zr8edah,Eric Gandara
RT @ironicallyaJew: @Africa4Pal .They have a district in #Palestine called Abeed. It literally translates as SLAVE.  Palestine enslaves.  Uâ€¦,terryB ğŸ•âœ¡ï¸ğŸ‡ªğŸ‡ºğŸ‡¬ğŸ‡§ğŸ‡®ğŸ‡±
RT @AfandiYara: Stopped at a checkpoint going from one Palestinian city to another Palestinian city. A combination of fear and humiliation.â€¦,ÎœÏ€ÎµÎ»Î§Î±ÏÏÎ¬ Î’Î­ÏÏÎ±
RT @AfandiYara: Stopped at a checkpoint going from one Palestinian city to another Palestinian city. A combination of fear and humiliation.â€¦,Moon Person
Abbas says Israel #Netanyahu â€˜doesnâ€™t believe in peaceâ€™ - https://t.co/laU9ebesyP #Palestine https://t.co/aB5ks1AvSd,al whitğŸ‰
RT @AfandiYara: Stopped at a checkpoint going from one Palestinian city to another Palestinian city. A combination of fear and humiliation.â€¦,#EnoughisEnough
4/ But i will be called a liar Pallywood is a well funded PR machine spreading  hatred of #israel &amp; remember #palestinians are sworn to destroy israel 7 KILL ALL JEWS  ERGO  supporting #Palestine is like supporting the people that massacred the red indians. SHAME!! https://t.co/ZPUNvMRkBC,LIONEL
"1/ #ApartheidIsrael is a LIE #Palestine  The images mean the Jews lived in Jerusalem 100s of years before #Islam. Then Muslims built on the holiest of Jewish sites in that city.a Mosque,  forbidden to ""dirty"" Jews  #Antisemitism The jews  got their land back https://t.co/ggBWvzujjq https://t.co/4Nv7D4iZhH",LIONEL
RT @eccapecca: #Israel demolishes #Palestinian village of Al-Araqeeb for 209th time #Palestine   https://t.co/al7PSFMqRG via @middleeastmnt,'Pataphysicien DrÃ´le
RT @ironicallyaJew: @Africa4Pal .They have a district in #Palestine called Abeed. It literally translates as SLAVE.  Palestine enslaves.  Uâ€¦,ğŸ§˜ğŸ»â€â™€ï¸ Fiona ğŸ’™ğŸ’› #JusticeForMalkiRoth â¤ï¸
"""Palestinians deserve our full attention and solidarity.""-@LulaOficial  #Palestine https://t.co/gkJB1NTshT",The Key
#Israel demolishes #Palestinian village of Al-Araqeeb for 209th time #Palestine   https://t.co/al7PSFMqRG via @middleeastmnt,Ecca Pecca
"RT @m4xim1l1an: #Palestine has been a gold mine for Israeli arms industry, the ability to battle-test army tech in the guise of ""security câ€¦",Ailsa Laing ğŸ¦’
"Including A #Father + 3 #Sons, #Israeli Soldiers Abduct 16 #Palestinians In #WestBank â€“ â€“ IMEMC News https://t.co/DEp8hMPqLH #EndIsraeliApartheid #EndIsraeliOccupation #FreeThemAll #FreePalestine ğŸ‡µğŸ‡¸ #Palestine #BoycottIsrael #BDS #Apartheid #Israel #YairLapid #JoeBiden #FoxNews",Eddie DiFruscia
RT @Sarah_Hassan94: Stand with #Palestine https://t.co/EYijN6IUBq,Imran Muhammad Ashraf
Where is justice? #twelfthimam #childreninpalestine #palestine #gaza https://t.co/ZyG4o2wbia,Twelfth Imam
RT @LockMona: Following is a list of Palestinian children killed by Israeli forces in the West Bank in 2022 A child means every human beingâ€¦,Ù…ÙØ±Ù‘ÙÙ‡
RT @telesurenglish: #Palestine | A woman was killed and a young man was detained after being injured by Israeli soldiers in the town of Beiâ€¦,BrianMier
RT @heavyed65: #Israel Plans To Build 9000 #Colonialist Units Near #Occupied #Jerusalem â€“ IMEMC News https://t.co/5kEpzpip0x #EndIsraeliApaâ€¦,Sue Grant
"RT @MiddleEastMnt: Qatar official: 'Agreement to transport #Palestine, #Israel fans through Ben Gurion Airport should not be politicised' hâ€¦",Irfan Saiyed
Watch: From Palestine to Fukushima on #Vimeo on demand (in English) https://t.co/vvGtY93pmq #Palestine #Israel #fukushima #Occupation #documentary,Toshikuni Doi Films on Vimeo & YouTube
Calling .@IlhanMN #Antisemitic because she criticizes #Israel's treatment of #Palestine is ridiculous.  It is patently not antisemitic to do so. We give Israel billions of dollars in foreign aid and they bully Palestine. It's bullshit.,ToutdeSuiteLaSinner
RT @AfandiYara: Stopped at a checkpoint going from one Palestinian city to another Palestinian city. A combination of fear and humiliation.â€¦,Nordin
#Israeli Soldiers Demolish Three Homes Near #Bethlehem â€“ â€“ IMEMC News https://t.co/UrTwtCPsbi #EndIsraeliApartheid #StopAnnexation #FreePalestine ğŸ‡µğŸ‡¸ #Palestine #BoycottIsrael #BDS #Apartheid #Israel #YairLapid #Netanyahu #JoeBiden #kamalaharris #TonyBlinken #CNN #BBC #FoxNews,Eddie DiFruscia
"RT @MiddleEastMnt: Qatar official: 'Agreement to transport #Palestine, #Israel fans through Ben Gurion Airport should not be politicised' hâ€¦",DeinAyurvedaNet2
"Qatar official: 'Agreement to transport #Palestine, #Israel fans through Ben Gurion Airport should not be politicised' https://t.co/A6dpDRXgfC",Middle East Monitor
Israeli Occupation Forces Detain Palestinian Girl during Their Raid of Schools in #Hebron - https://t.co/2iMcsb9BMy #Palestine https://t.co/IXtRu86fxz,al whitğŸ‰
RT @AfandiYara: Stopped at a checkpoint going from one Palestinian city to another Palestinian city. A combination of fear and humiliation.â€¦,Keith Tracey
Tuesday 15/11/2022 an official holiday in #Palestine on the occasion of the anniversary of the Declaration of Independence.  2. The final approval of a number of important development projects in the   2/,Palestine News 24/7
RT @AfandiYara: Stopped at a checkpoint going from one Palestinian city to another Palestinian city. A combination of fear and humiliation.â€¦,gure urruÃ±a
"RT @Ma_Amraee: |Edoardo was the successor of the largest Italian capitalist and aware of the Zionist mafia, his support for the Islamic Revâ€¦",mahdie ğŸ‡®ğŸ‡·
RT @AfandiYara: Stopped at a checkpoint going from one Palestinian city to another Palestinian city. A combination of fear and humiliation.â€¦,Follow Light within
#Watch /// This tank is here to prevent students from reaching the school under the pretext of military training for the occupation army Here is a Yatta traveler  #Ø§Ù†Ù‚Ø°ÙˆØ§_Ù…Ø³Ø§ÙØ±_ÙŠØ·Ø§  #SaveMasaferYatta #palestine   @TunisienneMarwa https://t.co/TIzYQIsEqP,Ala'a L. Tamimi Ø¢Ù„Ø§Ø¡ Ø§Ù„ØªÙ…ÙŠÙ…ÙŠ
"RT @Ma_Amraee: |Edoardo was the successor of the largest Italian capitalist and aware of the Zionist mafia, his support for the Islamic Revâ€¦",Ø®Ø¯ÛŒØ¬Ù‡ Ù…Ù€Ù€Ø±Ø§Ø¯ÛŒÙ€Ù‡Ù€Ù€Ù€Ù€Ù€Ù€Ù€Ù€Ù€Ù€Ù€Ø§â™¡ğŸ‡®ğŸ‡·
"Today, the occupation soldiers killed a settler after they suspected him #Palestine  #Israel",HoseinMortada-English
RT @usownstheplanet: The Embassy is happy to clarify that when a Ukrainian female soldier calls for the death of â€œSmall #Russian Childrenâ€â€¦,Plataforma Multipolar-MEX
RT @AfandiYara: Stopped at a checkpoint going from one Palestinian city to another Palestinian city. A combination of fear and humiliation.â€¦,Exploding Head Syndrome
RT @Dua_zahra313: Stand with #Palestine https://t.co/gukBBoq3CD,Shaikh Majid
"Continuous Israeli violations against Palestinian education: 14 November 2022 | The Israeli occupation forces stormed al-Ibrahimieh school in #Hebron today, intimidating the students and disrupting the educational process. #RightToEducation  #Palestine ğŸ‡µğŸ‡¸ https://t.co/9ErZyc6JhQ",MoE of Palestine
RT @AfandiYara: Stopped at a checkpoint going from one Palestinian city to another Palestinian city. A combination of fear and humiliation.â€¦,Ibo Guvendi
#Israel Plans To Build 9000 #Colonialist Units Near #Occupied #Jerusalem â€“ IMEMC News https://t.co/5kEpzpip0x #EndIsraeliApartheid #StopAnnexation #FreeThemAll #FreePalestine ğŸ‡µğŸ‡¸ #Palestine #BoycottIsrael #BDS #Apartheid #Israel #YairLapid #Netanyahu #JoeBiden #CNN #BBC #FoxNews,Eddie DiFruscia
RT @EpshtainItay: BREAKING: #UNGA77 Fourth Committee decides to request an @CIJ_ICJ Advisory Opinion on the legal consequences of the proloâ€¦,Old Woman Seeking Justice ğŸğŸğŸ·ğŸğŸ
RT @AfandiYara: Stopped at a checkpoint going from one Palestinian city to another Palestinian city. A combination of fear and humiliation.â€¦,alick munro
RT @AfandiYara: Stopped at a checkpoint going from one Palestinian city to another Palestinian city. A combination of fear and humiliation.â€¦,George Peel â˜˜ï¸ ğŸ–ï¸ #P&J Project.
RT @AfandiYara: Stopped at a checkpoint going from one Palestinian city to another Palestinian city. A combination of fear and humiliation.â€¦,....
"RT @_AhmedQuraishi: A #Palestinian from #Nazareth, Nuseir Yassin @nasdaily makes this amazing video on #Palestine and #Israel:  Stop treatiâ€¦",Ø®Ø§war Ø±Ø­maan
'Kill for the sake of it': #Palestinian girl shot dead day before her birthday - https://t.co/B4VzAwIbuk #Palestine https://t.co/bgwUA338QY,al whitğŸ‰
#Israeli #Colonizers Hurl Stones At #Palestinian Cars Near #Bethlehem â€“ â€“ IMEMC News https://t.co/JIyLTh4tvD #EndIsraeliApartheid #EndIsraeliOccupation #FreeThemAll #FreePalestine ğŸ‡µğŸ‡¸ #Palestine #BoycottIsrael #BDS #Apartheid #Israel #YairLapid #JoeBiden #CNN #BBC #FoxNews #MSNBC,Eddie DiFruscia
RT @Sarah_Hassan94: Free free #Palestine âœŒï¸ğŸ‡µğŸ‡¸â¤ï¸ğŸ«’ https://t.co/59cdHn6Da8,eÌ¶NÌ¶BÌ¶yÌ¶ â˜¿ âšœï¸ğŸ§œğŸ¼âšœï¸ (They/Them)â™Œï¸
"|Edoardo was the successor of the largest Italian capitalist and aware of the Zionist mafia, his support for the Islamic Revolution and #Palestine caused him to have many enemies.| #EdoardoAgnelli",|Ù…Ø­Ù…Ø¯Ø§Ù…ÛŒÙ† Ø§Ù…Ø±Ø§Ø¦ÛŒ|
Israeli forces kill Palestinian girl day before her birthday https://t.co/5swlN46VLL #MEE #Palestine,Eye On Gaza
HERO #ApartheidIsrael  Puppet of #Ukraine   #CIA/#ISIS/#NATO #Poland  #Palestine  #ØµØ¨Ø§Ø­_Ø§Ù„Ø®ÛŒØ± #ÙÙ„Ø³Ø·ÛŒÙ† #Ø§ÛŒØ±Ø§Ù† #ÛŒÙ…Ù† #Ù„Ø¨Ù†Ø§Ù† #Ø³ÙˆØ±ÛŒÙ‡ #Ø¹Ø±Ø§Ù‚   #Iran #Russia #Syria #China https://t.co/fYHz2hdO5J,ğŸ‡®ğŸ‡·Tourage Nikkhah
"Sanaa al-Tal, 19, was shot and killed by the Israeli army while in a vehicle near the town of Ramallah. #Palestine #Israel #genocide  #PalestinianLivesMatter https://t.co/6iobW9Z7Tc",Abu Aqilah
RT @AfandiYara: Stopped at a checkpoint going from one Palestinian city to another Palestinian city. A combination of fear and humiliation.â€¦,vidar
RT @AfandiYara: Stopped at a checkpoint going from one Palestinian city to another Palestinian city. A combination of fear and humiliation.â€¦,ThommytheCat3
RT @AfandiYara: Stopped at a checkpoint going from one Palestinian city to another Palestinian city. A combination of fear and humiliation.â€¦,Bigfive
RT @abierkhatib: . #Palestine was never an empty droughty desert. Donâ€™t believe that.   Just imagine how it smells! Wow   Photo by: Jonathaâ€¦,PalestinoğŸ‡µğŸ‡¸
RT @AfandiYara: Stopped at a checkpoint going from one Palestinian city to another Palestinian city. A combination of fear and humiliation.â€¦,ConstanZe
RT @usownstheplanet: The Embassy is happy to clarify that when a Ukrainian female soldier calls for the death of â€œSmall #Russian Childrenâ€â€¦,Beast from the East Ã‚Ã»ğŸ´â€â˜ ï¸ğŸ´â€â˜ ï¸ğŸ‡µğŸ‡¸
RT @Sarah_Hassan94: Free free #Palestine âœŒï¸ğŸ‡µğŸ‡¸â¤ï¸ğŸ«’ https://t.co/59cdHn6Da8,Samia
RT @AfandiYara: Stopped at a checkpoint going from one Palestinian city to another Palestinian city. A combination of fear and humiliation.â€¦,Ray Havaneas
RT @usownstheplanet: The Embassy is happy to clarify that when a Ukrainian female soldier calls for the death of â€œSmall #Russian Childrenâ€â€¦,Pete Lake
RT @AfandiYara: Stopped at a checkpoint going from one Palestinian city to another Palestinian city. A combination of fear and humiliation.â€¦,Naoufel JAOUADA
RT @AfandiYara: Stopped at a checkpoint going from one Palestinian city to another Palestinian city. A combination of fear and humiliation.â€¦,Mohammad Ayoob
RT @AfandiYara: Stopped at a checkpoint going from one Palestinian city to another Palestinian city. A combination of fear and humiliation.â€¦,Rafiq Kathwari
RT @AfandiYara: Stopped at a checkpoint going from one Palestinian city to another Palestinian city. A combination of fear and humiliation.â€¦,R. Marshall Smith â˜®ï¸ğŸƒ ğŸ€â³
RT @AfandiYara: Stopped at a checkpoint going from one Palestinian city to another Palestinian city. A combination of fear and humiliation.â€¦,Marcus Hynes
"RT @fatmt3a: Pro-#Palestine activists take part in a vigil outside the gates of Israel's arms factory #Elbit in #Leicester city, #England tâ€¦",Sas Odeh
RT @AfandiYara: Stopped at a checkpoint going from one Palestinian city to another Palestinian city. A combination of fear and humiliation.â€¦,dialectical material girl
RT @usownstheplanet: The Embassy is happy to clarify that when a Ukrainian female soldier calls for the death of â€œSmall #Russian Childrenâ€â€¦,Behemoth
RT @usownstheplanet: The Embassy is happy to clarify that when a Ukrainian female soldier calls for the death of â€œSmall #Russian Childrenâ€â€¦,Anirban De
RT @usownstheplanet: The Embassy is happy to clarify that when a Ukrainian female soldier calls for the death of â€œSmall #Russian Childrenâ€â€¦,Elizabeth
"RT @SRI_org: ""We Jews are humiliated by what's going on there in the province of Israel, in the Jewish name.""  Orthodox Jews show solidaritâ€¦",Ø§Ù†ÛŒØ³ ÙØ§Ø·Ù…Û Ø´ÛŒØ±Ø§Ø²ÛŒ
RT @MY_MUSLIM: #JewsInHollywood play a large part in ğŸ“£ spreading #propaganda against #PalestineğŸ‡µğŸ‡¸ while promoting lies about the #SettlerCoâ€¦,MY_MUSLIMğŸ‡µğŸ‡¸
"#Israeli Soldiers Abduct 8 #Palestinians, Shoot 1, In #WestBank â€“ â€“ IMEMC News https://t.co/IH4jPz5kwD #EndIsraeliApartheid #FreeThemAll #PalestinianLivesMatter #FreePalestine ğŸ‡µğŸ‡¸ #Palestine #BoycottIsrael #BDS #Apartheid #Israel #YairLapid #JoeBiden #CNN #BBC #FoxNews #MSNBC",Eddie DiFruscia
"It's clear that #Israel is not happy with the International Court of Justice investigating anything it does. Because if you operate with complete impunity, you will present a call for accountability as an attack.  https://t.co/WFxby3et0l #IsraeliCrimes #Palestine #Palestina #icj https://t.co/SC27rpUPDd",Justina Poskeviciute
"RT @RSF_inter: Six months ago, #ShireenAbuAkleh was killed in #Palestine ğŸ‡µğŸ‡¸. Six months of investigations that show the #AlJazeera journaliâ€¦",George Roussos
RT @usownstheplanet: The Embassy is happy to clarify that when a Ukrainian female soldier calls for the death of â€œSmall #Russian Childrenâ€â€¦,Anna F Beswick
@davidhogg111 #Palestine has a right to be free! https://t.co/U3wbgb2JOv,Olga Pana
RT @telesurenglish: #Palestine | A woman was killed and a young man was detained after being injured by Israeli soldiers in the town of Beiâ€¦,Roland
RT @soitiz: Palestinian Ministry of Foreign Affairs Calls on International Community to Stop #IsraeliCrimes against Palestinian people - htâ€¦,Ray Havaneas
RT @AfandiYara: Stopped at a checkpoint going from one Palestinian city to another Palestinian city. A combination of fear and humiliation.â€¦,Sean Marlow
RT @AfandiYara: Stopped at a checkpoint going from one Palestinian city to another Palestinian city. A combination of fear and humiliation.â€¦,Amr5675r
RT @AfandiYara: Stopped at a checkpoint going from one Palestinian city to another Palestinian city. A combination of fear and humiliation.â€¦,PRC Padova - Rifondazione Comunista Padova
RT @telesurenglish: #Palestine | A woman was killed and a young man was detained after being injured by Israeli soldiers in the town of Beiâ€¦,marclesi
RT @MY_MUSLIM: What a shame it is that those #JewsInHollywood donâ€™t use their ğŸ“£ #SpeakUp4Palestine and help #FreePalestineâœŠğŸ»ğŸ”¥ğŸ‡µğŸ‡¸ğŸ‰ğŸ— â€¼ï¸ Ratherâ€¦,MY_MUSLIMğŸ‡µğŸ‡¸
RT @AfandiYara: Stopped at a checkpoint going from one Palestinian city to another Palestinian city. A combination of fear and humiliation.â€¦,John Lane
RT @usownstheplanet: The Embassy is happy to clarify that when a Ukrainian female soldier calls for the death of â€œSmall #Russian Childrenâ€â€¦,Barrie Machin
Is it too much? #ebrei #ebreo #palestinese #palestinesi #israele #palestine #israel #antisemitismo #antisionismo #sionismo #sionisti #hezbollah #hamas #pallywood #Fatha  #Shoah #olocausto #ebraico #ebraica  #alfatha https://t.co/8Yu1a81Cz7,L'inganno Palestinese
RT @usownstheplanet: The Embassy is happy to clarify that when a Ukrainian female soldier calls for the death of â€œSmall #Russian Childrenâ€â€¦,The_AbasiDğŸ‡ºğŸ‡¿ğŸ‡°ğŸ‡·ğŸ™â€â™‚ï¸ğŸ§â€â™‚ï¸
RT @usownstheplanet: The Embassy is happy to clarify that when a Ukrainian female soldier calls for the death of â€œSmall #Russian Childrenâ€â€¦,AnastasiağŸ‡ºğŸ‡¸ğŸ‡·ğŸ‡ºğŸ‡­ğŸ‡¹
Free free #Palestine âœŒï¸ğŸ‡µğŸ‡¸â¤ï¸ğŸ«’ @Sarah_Hassan94 https://t.co/Sziquklh6W,Atiqullah Hamza (ğŸ¤Ø§Ø²Ø§Ø¯ Ø®Ø¨Ø±ÛŒØ§Ù„)
RT @usownstheplanet: The Embassy is happy to clarify that when a Ukrainian female soldier calls for the death of â€œSmall #Russian Childrenâ€â€¦,Reader4834663
RT @AfandiYara: Stopped at a checkpoint going from one Palestinian city to another Palestinian city. A combination of fear and humiliation.â€¦,Nadoosh
RT @AfandiYara: Stopped at a checkpoint going from one Palestinian city to another Palestinian city. A combination of fear and humiliation.â€¦,Eri xenat Habo
RT @MY_MUSLIM: What a shame it is that those #JewsInHollywood donâ€™t use their ğŸ“£ #SpeakUp4Palestine and help #FreePalestineâœŠğŸ»ğŸ”¥ğŸ‡µğŸ‡¸ğŸ‰ğŸ— â€¼ï¸ Ratherâ€¦,paliyana
RT @AfandiYara: Stopped at a checkpoint going from one Palestinian city to another Palestinian city. A combination of fear and humiliation.â€¦,S.
RT @usownstheplanet: The Embassy is happy to clarify that when a Ukrainian female soldier calls for the death of â€œSmall #Russian Childrenâ€â€¦,John
RT @abierkhatib: . #Palestine was never an empty droughty desert. Donâ€™t believe that.   Just imagine how it smells! Wow   Photo by: Jonathaâ€¦,adz
RT @AfandiYara: Stopped at a checkpoint going from one Palestinian city to another Palestinian city. A combination of fear and humiliation.â€¦,Borja Connolly
"RT @Ozge_Torer: This was in front of the Israel Embassy, The whole world is with Palestineâ¤ï¸ğŸ‡µğŸ‡¸ #palestine #freepalestine  #palestineğŸ‡µğŸ‡¸  #Aqâ€¦",Syed Zawar pti
@JJensehaugen #SlowGenocide #EthnicCleansing by #illegaloccupation of #Palestine,Thass
RT @AfandiYara: Stopped at a checkpoint going from one Palestinian city to another Palestinian city. A combination of fear and humiliation.â€¦,ChairmanFionn
@BDSmovement .#apartheid. #palestine. 2million Muslims live in #Israel ya clown. No Jews in #Palestine https://t.co/XBSLYX011b,iconicJew
RT @AfandiYara: Stopped at a checkpoint going from one Palestinian city to another Palestinian city. A combination of fear and humiliation.â€¦,Augusto Cardoso
#Palestine Guess who is behind this vile racism; â€œThis commemoration project has been conceived and coordinated by the Jewish Museum Munich in conjunction with the Munich Documentation Centre for the History of National Socialism and the Consulate General of the State of Israel.â€ https://t.co/axc2xDPw6p https://t.co/Dx7hhFg51x,R2S ÙØ±Ø§Ø³ğŸªğŸ‡µğŸ‡¸
"RT @soitiz: 17 November, #London: Boycott M&amp;S! Free all Palestinian Political Prisoners! - https://t.co/2xnWkhsOc4 on @SamidounPP #Palestinâ€¦",RuthÎ±nÎ±sÄ±Î± #Palestine #BDS #UniteAgainstZionism âœŠâœŒ
RT @AfandiYara: Stopped at a checkpoint going from one Palestinian city to another Palestinian city. A combination of fear and humiliation.â€¦,Halaku Khan ğŸ‡µğŸ‡¸
RT @Sarah_Hassan94: Stand with #Palestine https://t.co/EYijN6IUBq,Meezan Traders
#ApartheidIsrael ğŸ‡®ğŸ‡±âœ¡ï¸ğŸ‡¸ğŸ‡¦ğŸ‡ºğŸ‡¸ Puppet of #Ukraine   #CIA/#ISIS/#NATO #Poland  #Palestine  #ØµØ¨Ø§Ø­_Ø§Ù„Ø®ÛŒØ± #ÙÙ„Ø³Ø·ÛŒÙ† #Ø§ÛŒØ±Ø§Ù† #ÛŒÙ…Ù† #Ù„Ø¨Ù†Ø§Ù† #Ø³ÙˆØ±ÛŒÙ‡ #Ø¹Ø±Ø§Ù‚   #Iran #Russia #Syria #China https://t.co/Td6DC5zbkH,ğŸ‡®ğŸ‡·Tourage Nikkhah
"17 November, #London: Boycott M&amp;S! Free all Palestinian Political Prisoners! - https://t.co/2xnWkhsOc4 on @SamidounPP #Palestine #FreeThemAll https://t.co/GkyWq58Clb",al whitğŸ‰
RT @usownstheplanet: The Embassy is happy to clarify that when a Ukrainian female soldier calls for the death of â€œSmall #Russian Childrenâ€â€¦,LuisRiveroBadaracco
RT @usownstheplanet: The Embassy is happy to clarify that when a Ukrainian female soldier calls for the death of â€œSmall #Russian Childrenâ€â€¦,Randy Mathews
RT @PalestineGirl85: ğŸ”´ STOP israel .. #Palestine supporter âœŒğŸ‡µğŸ‡¸ğŸ’š https://t.co/vBwHIw8UDJ,rosita stefanyszyn
RT @AfandiYara: Stopped at a checkpoint going from one Palestinian city to another Palestinian city. A combination of fear and humiliation.â€¦,Frankfurter Junge ğŸ‡ªğŸ‡·ğŸ‡ªğŸ‡·ğŸ‡ªğŸ‡·
RT @MY_MUSLIM: #JewsInHollywood play a large part in ğŸ“£ spreading #propaganda against #PalestineğŸ‡µğŸ‡¸ while promoting lies about the #SettlerCoâ€¦,Kareem Tannous ÙƒØ±ÙŠÙ… Ø·Ù†ÙˆØ³
RT @AfandiYara: Stopped at a checkpoint going from one Palestinian city to another Palestinian city. A combination of fear and humiliation.â€¦,A
RT @AfandiYara: Stopped at a checkpoint going from one Palestinian city to another Palestinian city. A combination of fear and humiliation.â€¦,Donnie
"When a #Ukrainian ğŸ‡ºğŸ‡¦ female soldier calls for the #death of â€œSmall #Russian Childrenâ€ those supporting #Ukraine in the #USA &amp; world should not get upset. Remember #US weapons already killed children in #Donbass, #Yemen, #Iraq, #Afghanistan &amp; #Palestine!â€¦https://t.co/eQCz43bVdM",Uma ğŸ‡µğŸ‡¸âœŠğŸ½ğŸ‡µğŸ‡°ğŸ‡¹ğŸ‡·â¤ï¸ğŸŒ™ğŸ•‹
RT @Sarah_Hassan94: Free free #Palestine âœŒï¸ğŸ‡µğŸ‡¸â¤ï¸ğŸ«’ https://t.co/59cdHn6Da8,kevin Hammond
RT @MY_MUSLIM: #JewsInHollywood play a large part in ğŸ“£ spreading #propaganda against #PalestineğŸ‡µğŸ‡¸ while promoting lies about the #SettlerCoâ€¦,benjamin zac
RT @abierkhatib: . #Palestine was never an empty droughty desert. Donâ€™t believe that.   Just imagine how it smells! Wow   Photo by: Jonathaâ€¦,shwkt
RT @telesurenglish: #Palestine | A woman was killed and a young man was detained after being injured by Israeli soldiers in the town of Beiâ€¦,Nunye Bidnuss
"RT @weareafreeworld: @thenydarknight @FranceskAlbs 1 country from the river to the sea, with equal rights for all its inhabitants . And #Riâ€¦",Marcie ğŸŒ» Resists â˜®
RT @usownstheplanet: The Embassy is happy to clarify that when a Ukrainian female soldier calls for the death of â€œSmall #Russian Childrenâ€â€¦,#SupportPalestine #BDS #Yemen #Kashmir #Assange
RT @AfandiYara: Stopped at a checkpoint going from one Palestinian city to another Palestinian city. A combination of fear and humiliation.â€¦,Murphs7 ğŸ‡®ğŸ‡ªğŸ‡µğŸ‡¸ğŸ‡ªğŸ‡¸ğŸ‡¨ğŸ‡º
RT @AfandiYara: Stopped at a checkpoint going from one Palestinian city to another Palestinian city. A combination of fear and humiliation.â€¦,AtatÃ¼rk
Zionism is not recognized by ultra Orthodox Jews 4  agreeing to 1917 colonial-Britain conspiracy to be handed over Arab Palestine as it runs against teachings of Torah. In1948 Britain the occupying power of #Palestine then kept its promise and handed land to diaspora Jews.A CRIME https://t.co/ViNEjJWfWC,rashid al dosari
RT @usownstheplanet: The Embassy is happy to clarify that when a Ukrainian female soldier calls for the death of â€œSmall #Russian Childrenâ€â€¦,Christel D. Swenson ğŸŸ¡âš«ï¸ğŸ”» ğŸŸ£âš«ï¸â’¶ ğŸ´ â™€ ğŸğŸŸ âš«ï¸
RT @AfandiYara: Stopped at a checkpoint going from one Palestinian city to another Palestinian city. A combination of fear and humiliation.â€¦,RoyDunnett
Pro-Palestinian Activists Set Information Stall in #Leicester - https://t.co/SftRmTwVH6 #Palestine https://t.co/PO01BHLTqa,al whitğŸ‰
RT @Sarah_Hassan94: Free free #Palestine âœŒï¸ğŸ‡µğŸ‡¸â¤ï¸ğŸ«’ https://t.co/59cdHn6Da8,ğŸ‡µğŸ‡¸MOM ENRIGOğŸ‡µğŸ‡¸
RT @Sarah_Hassan94: Free free #Palestine âœŒï¸ğŸ‡µğŸ‡¸â¤ï¸ğŸ«’ https://t.co/59cdHn6Da8,#SahabatPalestina_ID
RT @AfandiYara: Stopped at a checkpoint going from one Palestinian city to another Palestinian city. A combination of fear and humiliation.â€¦,Itumeleng
RT @AfandiYara: Stopped at a checkpoint going from one Palestinian city to another Palestinian city. A combination of fear and humiliation.â€¦,Umar
RT @AfandiYara: Stopped at a checkpoint going from one Palestinian city to another Palestinian city. A combination of fear and humiliation.â€¦,Methyas Snodbottom
RT @AfandiYara: Stopped at a checkpoint going from one Palestinian city to another Palestinian city. A combination of fear and humiliation.â€¦,Mark Flack ğŸŸ¨ğŸŸ¥ #IStandWithJeremyCorbyn ğŸ‡µğŸ‡¸ ğŸ¥€ âœŠ
"#Womensrights anyone? #Palestinian Sanaa Al-Tal, 19 years old, was #shot #dead by #apartheidisrael #occupationaltherapist forces at dawn today while inside her vehicle in Beituniya town, West of Ramallah, #Palestine ğŸ˜ª ğŸ‡µğŸ‡¸âœŠğŸ½ https://t.co/PGe4RyJtny",Uma ğŸ‡µğŸ‡¸âœŠğŸ½ğŸ‡µğŸ‡°ğŸ‡¹ğŸ‡·â¤ï¸ğŸŒ™ğŸ•‹
RT @EpshtainItay: BREAKING: #UNGA77 Fourth Committee decides to request an @CIJ_ICJ Advisory Opinion on the legal consequences of the proloâ€¦,M
RT @AfandiYara: Stopped at a checkpoint going from one Palestinian city to another Palestinian city. A combination of fear and humiliation.â€¦,Ali Munir
RT @telesurenglish: #Palestine | A woman was killed and a young man was detained after being injured by Israeli soldiers in the town of Beiâ€¦,PRC Padova - Rifondazione Comunista Padova
RT @Sarah_Hassan94: Free free #Palestine âœŒï¸ğŸ‡µğŸ‡¸â¤ï¸ğŸ«’ https://t.co/59cdHn6Da8,#í†µì¼ì´ê²½ì œë‹¤
RT @AfandiYara: Stopped at a checkpoint going from one Palestinian city to another Palestinian city. A combination of fear and humiliation.â€¦,Bivver #JoinAUnion#idetestthetories
RT @AfandiYara: Stopped at a checkpoint going from one Palestinian city to another Palestinian city. A combination of fear and humiliation.â€¦,Leo
RT @Sarah_Hassan94: Stand with #Palestine https://t.co/EYijN6IUBq,Observer
RT @dublinactivist: @aneesafalasteen @UN @bano_sanjeeda @Ermowhat @Ex_Catholique_ @yoghi1954 @MY_MUSLIM @Ruthanasia @corjoy @gomiriam63 @daâ€¦,Amsterdam voor BDS
"Israeli forces uproot 2,000 olive trees in the #WestBank - https://t.co/jh0NOWdF6m #Palestine https://t.co/T779V9fMea",al whitğŸ‰
RT @abierkhatib: . #Palestine was never an empty droughty desert. Donâ€™t believe that.   Just imagine how it smells! Wow   Photo by: Jonathaâ€¦,AÅŸlan
RT @telesurenglish: #Palestine | A woman was killed and a young man was detained after being injured by Israeli soldiers in the town of Beiâ€¦,Gonzo Socialism #FreeAssange
"RT @imshin: Shopping for evening gowns in #Gaza. Victoria Fashion, Naser St. Gaza City. #TheGazaYouDontSee #Palestine #womeninGaza #shoppinâ€¦",YaffahAng4EverII #JusticeForMalkiRoth
"RT @imshin: Review of the new Babel Restaurant, Shuhadaa St. #Gaza City ğŸ¤¤ğŸ¤¤ğŸ¤¤ #TheGazaYouDontSee #Palestine #eatingoutinGaza https://t.co/EcBâ€¦",YaffahAng4EverII #JusticeForMalkiRoth
@almaforarizona Dear #zionists: stop illegally occupying #Palestine and committing war crimes!,Olga Pana
"RT @PalAbroadE: #watch | ""Irelandâ€™s failure to recognise the the state of #Palestine could be seen as a crime"" Mark Ward, Irish Sinn FÃ©in pâ€¦",Eric Gandara
RT @AfandiYara: Stopped at a checkpoint going from one Palestinian city to another Palestinian city. A combination of fear and humiliation.â€¦,"Ireland 32,"
RT @MY_MUSLIM: #JewsInHollywood play a large part in ğŸ“£ spreading #propaganda against #PalestineğŸ‡µğŸ‡¸ while promoting lies about the #SettlerCoâ€¦,â¦ğŸ‡®ğŸ‡· Samira. Free the Middle East from AmericğŸ—ï¸â©
"Just finalized my travel for #MESA2022, looking forward to chairing an amazing round table on #Palestine in American academia (Sat at 5:30) &amp; presenting on the mortality of Israeli medical permits. Hoping to also catch up with new and old friends, let me know if youâ€™re attending!","Yara Asi, PhD"
RT @AfandiYara: Stopped at a checkpoint going from one Palestinian city to another Palestinian city. A combination of fear and humiliation.â€¦,Abdurrahim Nizami
RT @Sarah_Hassan94: Stand with #Palestine https://t.co/EYijN6IUBq,"Ireland 32,"
RT @EpshtainItay: BREAKING: #UNGA77 Fourth Committee decides to request an @CIJ_ICJ Advisory Opinion on the legal consequences of the proloâ€¦,Elise Tak
RT @AfandiYara: Stopped at a checkpoint going from one Palestinian city to another Palestinian city. A combination of fear and humiliation.â€¦,zerosum
@AviMayer Stand with #Palestine for a change . &amp; no #IlhanOmar is not spreading any hate  she is telling the truth about whatâ€™s going on .,Maryam Malik
